S,u,q,id,ζ,t,p,η1,η2,absS
0.4979672151147925,7.351211099866353,7.051264973751278,1,0.6645451179397459,1,2.251895532466776,1.7340183547232415,-0.49063387449721924,0.4979672151147925
0.2365734222904706,9.065953017472989,3.6862187518863525,2,2.5464995977329616,1,2.251895532466776,1.7340183547232415,-0.49063387449721924,0.2365734222904706
0.1530684612754127,-11.062897766094169,-14.201857350639886,3,1.7681050434683108,1,2.251895532466776,1.7340183547232415,-0.49063387449721924,0.1530684612754127
0.1123909013193242,6.611437541990009,1.6311708705459314,4,2.6336925120515517,1,2.251895532466776,1.7340183547232415,-0.49063387449721924,0.1123909013193242
-1.0,-1.227033476236258,-2.392832479891594,5,0.5,1,2.251895532466776,1.7340183547232415,-0.49063387449721924,1.0
0.4979672151147925,10.295274075561917,9.071851972805959,1,0.6645451179397459,2,2.7984577659428247,0.019061721370054366,1.3068525976966505,0.4979672151147925
0.2365734222904706,-2.229671685810679,-7.994074059397077,2,2.5464995977329616,2,2.7984577659428247,0.019061721370054366,1.3068525976966505,0.2365734222904706
0.1530684612754127,3.3635763804918497,-1.5050000919623772,3,1.7681050434683108,2,2.7984577659428247,0.019061721370054366,1.3068525976966505,0.1530684612754127
0.1123909013193242,3.760312498945811,-3.5674285673352863,4,2.6336925120515517,2,2.7984577659428247,0.019061721370054366,1.3068525976966505,0.1123909013193242
-1.0,-1.9386285197611486,-1.9949848441856246,5,0.5,2,2.7984577659428247,0.019061721370054366,1.3068525976966505,1.0
0.4979672151147925,-7.110906046499116,-4.614398116166004,1,0.6645451179397459,3,-3.2920941757800812,1.1679738571040061,-1.3774986196036991,0.4979672151147925
0.2365734222904706,-8.686003936594423,-1.147270017604713,2,2.5464995977329616,3,-3.2920941757800812,1.1679738571040061,-1.3774986196036991,0.2365734222904706
0.1530684612754127,-3.7710109404532113,2.5613679363789936,3,1.7681050434683108,3,-3.2920941757800812,1.1679738571040061,-1.3774986196036991,0.1530684612754127
0.1123909013193242,1.3535336366000745,10.638541596076077,4,2.6336925120515517,3,-3.2920941757800812,1.1679738571040061,-1.3774986196036991,0.1123909013193242
-1.0,0.43409888410936837,0.9814926462063022,5,0.5,3,-3.2920941757800812,1.1679738571040061,-1.3774986196036991,1.0
0.4979672151147925,-4.797088668402931,-3.720197402668161,1,0.6645451179397459,4,-0.8759462448165025,1.2250197920355184,-1.084789750690907,0.4979672151147925
0.2365734222904706,1.2101292245320148,2.927424267672066,2,2.5464995977329616,4,-0.8759462448165025,1.2250197920355184,-1.084789750690907,0.2365734222904706
0.1530684612754127,-3.8920025727808785,-1.7874008606901546,3,1.7681050434683108,4,-0.8759462448165025,1.2250197920355184,-1.084789750690907,0.1530684612754127
0.1123909013193242,-3.599737820449924,-0.6392977816990846,4,2.6336925120515517,4,-0.8759462448165025,1.2250197920355184,-1.084789750690907,0.1123909013193242
-1.0,1.8512615983980651,1.505431516109388,5,0.5,4,-0.8759462448165025,1.2250197920355184,-1.084789750690907,1.0
0.4979672151147925,-0.5721990086196919,-0.7727198612698223,1,0.6645451179397459,5,-1.0737751356679819,-0.6982359679180916,-0.7127848486970639,0.4979672151147925
0.2365734222904706,5.108277563892058,6.757743776940841,2,2.5464995977329616,5,-1.0737751356679819,-0.6982359679180916,-0.7127848486970639,0.2365734222904706
0.1530684612754127,-7.904020595404618,-6.393423971130767,3,1.7681050434683108,5,-1.0737751356679819,-0.6982359679180916,-0.7127848486970639,0.1530684612754127
0.1123909013193242,5.889031912097771,8.3120147698414,4,2.6336925120515517,5,-1.0737751356679819,-0.6982359679180916,-0.7127848486970639,0.1123909013193242
-1.0,-0.7905125367323063,-1.1694766771122875,5,0.5,5,-1.0737751356679819,-0.6982359679180916,-0.7127848486970639,1.0
0.4979672151147925,8.585306470871004,8.10037737924468,1,0.6645451179397459,6,3.698794316374378,1.033018997306463,2.3617098638342497,0.4979672151147925
0.2365734222904706,0.4931096469634108,-5.96807621386349,2,2.5464995977329616,6,3.698794316374378,1.033018997306463,2.3617098638342497,0.2365734222904706
0.1530684612754127,-11.27593420160573,-17.17197339393791,3,1.7681050434683108,6,3.698794316374378,1.033018997306463,2.3617098638342497,0.1530684612754127
0.1123909013193242,2.5428968223096375,-6.567426069422483,4,2.6336925120515517,6,3.698794316374378,1.033018997306463,2.3617098638342497,0.1123909013193242
-1.0,-0.09891599654799434,0.7447723292455273,5,0.5,6,3.698794316374378,1.033018997306463,2.3617098638342497,1.0
0.4979672151147925,-2.578725784130003,-2.2940881710928567,1,0.6645451179397459,7,0.4663110571897419,0.48428243393445564,0.4112444276764022,0.4979672151147925
0.2365734222904706,2.841732977723836,2.320712745231524,2,2.5464995977329616,7,0.4663110571897419,0.48428243393445564,0.4112444276764022,0.2365734222904706
0.1530684612754127,5.1196006587112235,4.5597459698928935,3,1.7681050434683108,7,0.4663110571897419,0.48428243393445564,0.4112444276764022,0.1530684612754127
0.1123909013193242,10.224672681311159,9.275427333078776,4,2.6336925120515517,7,0.4663110571897419,0.48428243393445564,0.4112444276764022,0.1123909013193242
-1.0,-1.4640292919719877,-1.1470651960105256,5,0.5,7,0.4663110571897419,0.48428243393445564,0.4112444276764022,1.0
0.4979672151147925,3.901250584404812,1.8854632572759358,1,0.6645451179397459,8,1.5805102262933919,-0.9910162455201551,-0.3126768011802151,0.4979672151147925
0.2365734222904706,2.0404508332671125,-2.8007898886316416,2,2.5464995977329616,8,1.5805102262933919,-0.9910162455201551,-0.3126768011802151,0.2365734222904706
0.1530684612754127,2.2332766683495153,-1.0745004660693005,3,1.7681050434683108,8,1.5805102262933919,-0.9910162455201551,-0.3126768011802151,0.1530684612754127
0.1123909013193242,-4.544883318995067,-9.26520694022534,4,2.6336925120515517,8,1.5805102262933919,-0.9910162455201551,-0.3126768011802151,0.1123909013193242
-1.0,2.30409119636711,0.929490653546095,5,0.5,8,1.5805102262933919,-0.9910162455201551,-0.3126768011802151,1.0
0.4979672151147925,6.488230750698605,5.480650260629146,1,0.6645451179397459,9,2.6630323083736247,0.45773610111467955,0.8102866126021,0.4979672151147925
0.2365734222904706,4.464697436931882,-1.2505295011529522,2,2.5464995977329616,9,2.6630323083736247,0.45773610111467955,0.8102866126021,0.2365734222904706
0.1530684612754127,-2.189439208733552,-6.625303859316434,3,1.7681050434683108,9,2.6630323083736247,0.45773610111467955,0.8102866126021,0.1530684612754127
0.1123909013193242,-7.719089867622958,-14.458801627729525,4,2.6336925120515517,9,2.6630323083736247,0.45773610111467955,0.8102866126021,0.1123909013193242
-1.0,0.5858074981419501,0.20582071062474494,5,0.5,9,2.6630323083736247,0.45773610111467955,0.8102866126021,1.0
0.4979672151147925,-1.7855756563604324,-0.4253881425570061,1,0.6645451179397459,10,-2.9665962159822574,-0.9988593892450071,0.4468890744797979,0.4979672151147925
0.2365734222904706,-13.505078832300999,-5.9849836131136955,2,2.5464995977329616,10,-2.9665962159822574,-0.9988593892450071,0.4468890744797979,0.2365734222904706
0.1530684612754127,-6.014066078122492,-1.245419175708304,3,1.7681050434683108,10,-2.9665962159822574,-0.9988593892450071,0.4468890744797979,0.1530684612754127
0.1123909013193242,6.549414462286169,13.818990382314787,4,2.6336925120515517,10,-2.9665962159822574,-0.9988593892450071,0.4468890744797979,0.1123909013193242
-1.0,-1.409185151101913,0.2652230168757912,5,0.5,10,-2.9665962159822574,-0.9988593892450071,0.4468890744797979,1.0
0.4979672151147925,-8.879278309770372,-6.811349934760825,1,0.6645451179397459,11,-3.78104678612758,0.1627373224955304,-1.2191269528440598,0.4979672151147925
0.2365734222904706,-8.749523462041978,-0.3017550537243796,2,2.5464995977329616,11,-3.78104678612758,0.1627373224955304,-1.2191269528440598,0.2365734222904706
0.1530684612754127,-1.540093962328385,5.161583615936172,3,1.7681050434683108,11,-3.78104678612758,0.1627373224955304,-1.2191269528440598,0.1530684612754127
0.1123909013193242,3.4752623268623566,13.493900069578485,4,2.6336925120515517,11,-3.78104678612758,0.1627373224955304,-1.2191269528440598,0.1123909013193242
-1.0,0.4706167834411209,1.1565489309696444,5,0.5,11,-3.78104678612758,0.1627373224955304,-1.2191269528440598,1.0
0.4979672151147925,2.4593741076938698,3.7305838101673303,1,0.6645451179397459,12,0.0399165391404841,1.1527264240480866,0.7316591129752756,0.4979672151147925
0.2365734222904706,1.3845403346664413,2.613375825871944,2,2.5464995977329616,12,0.0399165391404841,1.1527264240480866,0.7316591129752756,0.2365734222904706
0.1530684612754127,-1.2326489175232629,-0.6865390096413588,3,1.7681050434683108,12,0.0399165391404841,1.1527264240480866,0.7316591129752756,0.1530684612754127
0.1123909013193242,4.635176567723279,5.187802537594097,4,2.6336925120515517,12,0.0399165391404841,1.1527264240480866,0.7316591129752756,0.1123909013193242
-1.0,-3.9903480112207896,-2.953938026814597,5,0.5,12,0.0399165391404841,1.1527264240480866,0.7316591129752756,1.0
0.4979672151147925,0.022523174024786964,-1.0662626099370378,1,0.6645451179397459,13,2.8704888651261813,-0.2706145259690334,2.1940979619755576,0.4979672151147925
0.2365734222904706,9.28034911667748,4.106604200177498,2,2.5464995977329616,13,2.8704888651261813,-0.2706145259690334,2.1940979619755576,0.2365734222904706
0.1530684612754127,3.6471155036700065,-1.4465494436007695,3,1.7681050434683108,13,2.8704888651261813,-0.2706145259690334,2.1940979619755576,0.1530684612754127
0.1123909013193242,4.210459986002793,-3.446089307858002,4,2.6336925120515517,13,2.8704888651261813,-0.2706145259690334,2.1940979619755576,0.1123909013193242
-1.0,-0.5704507814237583,0.16818059365078675,5,0.5,13,2.8704888651261813,-0.2706145259690334,2.1940979619755576,1.0
0.4979672151147925,7.10638890090728,5.941812979848703,1,0.6645451179397459,14,2.305590762824713,0.9656628727130541,-0.9023743091955786,0.4979672151147925
0.2365734222904706,0.574229645766929,-5.750482496013857,2,2.5464995977329616,14,2.305590762824713,0.9656628727130541,-0.9023743091955786,0.2365734222904706
0.1530684612754127,4.734440439495412,1.0935454788311523,3,1.7681050434683108,14,2.305590762824713,0.9656628727130541,-0.9023743091955786,0.1530684612754127
0.1123909013193242,-0.11427806444252175,-5.672533390494025,4,2.6336925120515517,14,2.305590762824713,0.9656628727130541,-0.9023743091955786,0.1123909013193242
-1.0,0.6907626452667849,-1.1282629216625233,5,0.5,14,2.305590762824713,0.9656628727130541,-0.9023743091955786,1.0
0.4979672151147925,-3.365917050557421,-2.596523996079845,1,0.6645451179397459,15,-2.616232021375861,-1.1790330952043306,0.005855182012011246,0.4979672151147925
0.2365734222904706,0.5196578031027225,6.601536742297972,2,2.5464995977329616,15,-2.616232021375861,-1.1790330952043306,0.005855182012011246,0.2365734222904706
0.1530684612754127,0.1628882339832473,4.1982071179305285,3,1.7681050434683108,15,-2.616232021375861,-1.1790330952043306,0.005855182012011246,0.1530684612754127
0.1123909013193242,-5.95573412094255,0.280293987802426,4,2.6336925120515517,15,-2.616232021375861,-1.1790330952043306,0.005855182012011246,0.1123909013193242
-1.0,-1.942586028999382,-0.942879913775716,5,0.5,15,-2.616232021375861,-1.1790330952043306,0.005855182012011246,1.0
0.4979672151147925,5.428255002939478,5.887659264913257,1,0.6645451179397459,16,-2.13638929605261,-0.7291497134541236,-0.756471349763292,0.4979672151147925
0.2365734222904706,-4.4262174359875415,-0.13138892876513086,2,2.5464995977329616,16,-2.13638929605261,-0.7291497134541236,-0.756471349763292,0.2365734222904706
0.1530684612754127,-3.7408699617053602,-0.36928419973905635,3,1.7681050434683108,16,-2.13638929605261,-0.7291497134541236,-0.756471349763292,0.1530684612754127
0.1123909013193242,7.610070406387885,12.81342418185387,4,2.6336925120515517,16,-2.13638929605261,-0.7291497134541236,-0.756471349763292,0.1123909013193242
-1.0,-4.383743411994043,-4.284364687722617,5,0.5,16,-2.13638929605261,-0.7291497134541236,-0.756471349763292,1.0
0.4979672151147925,10.699613751664486,8.7857545423631,1,0.6645451179397459,17,0.9207641023519795,-1.1643441192591426,-0.7204057342690298,0.4979672151147925
0.2365734222904706,-2.4409172783554647,-6.1102584227448835,2,2.5464995977329616,17,0.9207641023519795,-1.1643441192591426,-0.7204057342690298,0.2365734222904706
0.1530684612754127,-0.7879898503072753,-3.0379038213697576,3,1.7681050434683108,17,0.9207641023519795,-1.1643441192591426,-0.7204057342690298,0.1530684612754127
0.1123909013193242,-2.474326525987714,-5.563263568766649,4,2.6336925120515517,17,0.9207641023519795,-1.1643441192591426,-0.7204057342690298,0.1123909013193242
-1.0,-0.33089697740381674,-1.8392255057843525,5,0.5,17,0.9207641023519795,-1.1643441192591426,-0.7204057342690298,1.0
0.4979672151147925,6.660745664551853,4.348508946565597,1,0.6645451179397459,18,3.7874089586938444,0.21866168421500787,0.05139120082577923,0.4979672151147925
0.2365734222904706,10.822147781474824,1.3394497225036783,2,2.5464995977329616,18,3.7874089586938444,0.21866168421500787,0.05139120082577923,0.2365734222904706
0.1530684612754127,9.95355620246406,3.36932848656559,3,1.7681050434683108,18,3.7874089586938444,0.21866168421500787,0.05139120082577923,0.1530684612754127
0.1123909013193242,-2.264339195632607,-12.116576965724652,4,2.6336925120515517,18,3.7874089586938444,0.21866168421500787,0.05139120082577923,0.1123909013193242
-1.0,0.14654985750206817,-1.6362380157490017,5,0.5,18,3.7874089586938444,0.21866168421500787,0.05139120082577923,1.0
0.4979672151147925,-4.411227794538189,-4.525009442908746,1,0.6645451179397459,19,-0.37347139845189786,-0.5903990119793492,0.2627183777027277,0.4979672151147925
0.2365734222904706,2.663486084333298,3.59275743776295,2,2.5464995977329616,19,-0.37347139845189786,-0.5903990119793492,0.2627183777027277,0.2365734222904706
0.1530684612754127,2.997002139278441,3.3755530854731566,3,1.7681050434683108,19,-0.37347139845189786,-0.5903990119793492,0.2627183777027277,0.1530684612754127
0.1123909013193242,-2.1815581493964875,-1.5192480265125607,4,2.6336925120515517,19,-0.37347139845189786,-0.5903990119793492,0.2627183777027277,0.1123909013193242
-1.0,0.759178161342215,1.0574143664227869,5,0.5,19,-0.37347139845189786,-0.5903990119793492,0.2627183777027277,1.0
0.4979672151147925,-4.041416481312755,-3.3027896705792914,1,0.6645451179397459,20,1.2034625941464983,2.2778892049768333,-0.7149628404897386,0.4979672151147925
0.2365734222904706,12.3193278031652,9.647786409000782,2,2.5464995977329616,20,1.2034625941464983,2.2778892049768333,-0.7149628404897386,0.2365734222904706
0.1530684612754127,-1.7854943476635317,-2.81019050356871,3,1.7681050434683108,20,1.2034625941464983,2.2778892049768333,-0.7149628404897386,0.1530684612754127
0.1123909013193242,1.8367094986487478,-0.08589695939931064,4,2.6336925120515517,20,1.2034625941464983,2.2778892049768333,-0.7149628404897386,0.1123909013193242
-1.0,0.5282688480808434,-0.19792330097701494,5,0.5,20,1.2034625941464983,2.2778892049768333,-0.7149628404897386,1.0
0.4979672151147925,18.38912299203273,15.121904998305814,1,0.6645451179397459,21,4.843198214256326,0.03229460402855025,-0.1586124492664889,0.4979672151147925
0.2365734222904706,8.234417921086475,-4.246861193953702,2,2.5464995977329616,21,4.843198214256326,0.03229460402855025,-0.1586124492664889,0.2365734222904706
0.1530684612754127,0.3396907494805655,-8.215887321082128,3,1.7681050434683108,21,4.843198214256326,0.03229460402855025,-0.1586124492664889,0.1530684612754127
0.1123909013193242,3.601323529168501,-9.140123439627256,4,2.6336925120515517,21,4.843198214256326,0.03229460402855025,-0.1586124492664889,0.1123909013193242
-1.0,-1.6653038802040028,-4.240658490790785,5,0.5,21,4.843198214256326,0.03229460402855025,-0.1586124492664889,1.0
0.4979672151147925,-4.259227365103576,-2.482488499381472,1,0.6645451179397459,22,-0.9458364985620252,1.6195698341359925,-0.3937646008852815,0.4979672151147925
0.2365734222904706,-2.206216332788199,0.6003942122244794,2,2.5464995977329616,22,-0.9458364985620252,1.6195698341359925,-0.3937646008852815,0.2365734222904706
0.1530684612754127,-1.236220646095212,1.226577062083281,3,1.7681050434683108,22,-0.9458364985620252,1.6195698341359925,-0.3937646008852815,0.1530684612754127
0.1123909013193242,1.199227734759262,4.579643758994713,4,2.6336925120515517,22,-0.9458364985620252,1.6195698341359925,-0.3937646008852815,0.1123909013193242
-1.0,-0.11001033231804189,0.3917000177585181,5,0.5,22,-0.9458364985620252,1.6195698341359925,-0.3937646008852815,1.0
0.4979672151147925,-0.5301109921170206,0.9486920302306313,1,0.6645451179397459,23,-0.0026176820475453666,1.7904021173936548,0.0022344796869417306,0.4979672151147925
0.2365734222904706,-7.569166372164285,-6.669698297504,2,2.5464995977329616,23,-0.0026176820475453666,1.7904021173936548,0.0022344796869417306,0.2365734222904706
0.1530684612754127,4.704343571018809,5.6061913191877775,3,1.7681050434683108,23,-0.0026176820475453666,1.7904021173936548,0.0022344796869417306,0.1530684612754127
0.1123909013193242,-0.7721765438596343,0.22860090521333581,4,2.6336925120515517,23,-0.0026176820475453666,1.7904021173936548,0.0022344796869417306,0.1123909013193242
-1.0,-0.259396894974856,0.22163208296691125,5,0.5,23,-0.0026176820475453666,1.7904021173936548,0.0022344796869417306,1.0
0.4979672151147925,-3.5331450933371804,-1.4899034591615883,1,0.6645451179397459,24,0.05391733792529507,2.454959679446256,0.11626797177009732,0.4979672151147925
0.2365734222904706,1.2815064115370034,2.4855450197797264,2,2.5464995977329616,24,0.05391733792529507,2.454959679446256,0.11626797177009732,0.2365734222904706
0.1530684612754127,-2.606849847997695,-1.4658842446442075,3,1.7681050434683108,24,0.05391733792529507,2.454959679446256,0.11626797177009732,0.1530684612754127
0.1123909013193242,0.3071224831395755,1.5306795841557275,4,2.6336925120515517,24,0.05391733792529507,2.454959679446256,0.11626797177009732,0.1123909013193242
-1.0,-0.5404515379998768,0.2062553724034757,5,0.5,24,0.05391733792529507,2.454959679446256,0.11626797177009732,1.0
0.4979672151147925,14.033865163987997,11.494574410665216,1,0.6645451179397459,25,2.7868613188595295,-0.5646122546276169,-0.4671555361467121,0.4979672151147925
0.2365734222904706,0.398640459420701,-7.462354258376229,2,2.5464995977329616,25,2.7868613188595295,-0.5646122546276169,-0.4671555361467121,0.2365734222904706
0.1530684612754127,7.34086741341664,2.105533551589578,3,1.7681050434683108,25,2.7868613188595295,-0.5646122546276169,-0.4671555361467121,0.1530684612754127
0.1123909013193242,-10.819518045489795,-18.484085594116358,4,2.6336925120515517,25,2.7868613188595295,-0.5646122546276169,-0.4671555361467121,0.1123909013193242
-1.0,-0.18116836106963696,-2.2033742638800824,5,0.5,25,2.7868613188595295,-0.5646122546276169,-0.4671555361467121,1.0
0.4979672151147925,6.253670074370358,4.6923690781323035,1,0.6645451179397459,26,1.9666456329592124,-0.8146070645004471,0.878550055555578,0.4979672151147925
0.2365734222904706,-0.17612145628342105,-4.680181545242454,2,2.5464995977329616,26,1.9666456329592124,-0.8146070645004471,0.878550055555578,0.2365734222904706
0.1530684612754127,6.707563231517389,2.8691103949603405,3,1.7681050434683108,26,1.9666456329592124,-0.8146070645004471,0.878550055555578,0.1530684612754127
0.1123909013193242,5.195848193304211,-0.4143869486594891,4,2.6336925120515517,26,1.9666456329592124,-0.8146070645004471,0.878550055555578,0.1123909013193242
-1.0,-1.3208364057516646,-1.6220363877606658,5,0.5,26,1.9666456329592124,-0.8146070645004471,0.878550055555578,1.0
0.4979672151147925,1.1770400224351945,2.7261418522034044,1,0.6645451179397459,27,-0.21022662206810044,0.9765518711688049,1.2726637316764062,0.4979672151147925
0.2365734222904706,-5.429285487514379,-3.091228874472245,2,2.5464995977329616,27,-0.21022662206810044,0.9765518711688049,1.2726637316764062,0.2365734222904706
0.1530684612754127,-13.348319935692114,-12.419292850927055,3,1.7681050434683108,27,-0.21022662206810044,0.9765518711688049,1.2726637316764062,0.1530684612754127
0.1123909013193242,3.4840082488832604,4.610870912168106,4,2.6336925120515517,27,-0.21022662206810044,0.9765518711688049,1.2726637316764062,0.1123909013193242
-1.0,-0.9117587521147476,0.7565554369019167,5,0.5,27,-0.21022662206810044,0.9765518711688049,1.2726637316764062,1.0
0.4979672151147925,-1.051158114204971,-1.1188049401939284,1,0.6645451179397459,28,0.09798903212221544,-0.09667323272683959,0.1625096418445979,0.4979672151147925
0.2365734222904706,-4.391658566076012,-4.521097709116076,2,2.5464995977329616,28,0.09798903212221544,-0.09667323272683959,0.1625096418445979,0.2365734222904706
0.1530684612754127,-0.7536193220815202,-0.9666286677308575,3,1.7681050434683108,28,0.09798903212221544,-0.09667323272683959,0.1625096418445979,0.1530684612754127
0.1123909013193242,0.5657790003949082,0.2580176831512629,4,2.6336925120515517,28,0.09798903212221544,-0.09667323272683959,0.1625096418445979,0.1123909013193242
-1.0,1.6540781768094208,1.7456612607088098,5,0.5,28,0.09798903212221544,-0.09667323272683959,0.1625096418445979,1.0
0.4979672151147925,3.7983586323774055,2.6453476105289235,1,0.6645451179397459,29,1.768079185595357,-0.1333057960255565,0.2776729940991765,0.4979672151147925
0.2365734222904706,2.446525885369238,-1.8348409507681969,2,2.5464995977329616,29,1.768079185595357,-0.1333057960255565,0.2776729940991765,0.2365734222904706
0.1530684612754127,0.8993115538305161,-2.278793285204954,3,1.7681050434683108,29,1.768079185595357,-0.1333057960255565,0.2776729940991765,0.1530684612754127
0.1123909013193242,-2.7303530718761997,-7.45413658885939,4,2.6336925120515517,29,1.768079185595357,-0.1333057960255565,0.2776729940991765,0.1123909013193242
-1.0,0.9387076523018828,0.30336673196659847,5,0.5,29,1.768079185595357,-0.1333057960255565,0.2776729940991765,1.0
0.4979672151147925,0.06068837052835704,0.9247011162729646,1,0.6645451179397459,30,-0.8888038685405544,1.0931016473332544,-1.3220625037470877,0.4979672151147925
0.2365734222904706,-6.696259940519093,-5.257375180056645,2,2.5464995977329616,30,-0.8888038685405544,1.0931016473332544,-1.3220625037470877,0.2365734222904706
0.1530684612754127,-3.2043099638870363,-1.1557537449669435,3,1.7681050434683108,30,-0.8888038685405544,1.0931016473332544,-1.3220625037470877,0.1530684612754127
0.1123909013193242,3.3639974234224774,6.27927264789686,4,2.6336925120515517,30,-0.8888038685405544,1.0931016473332544,-1.3220625037470877,0.1123909013193242
-1.0,0.8719292751323164,0.25446073375546985,5,0.5,30,-0.8888038685405544,1.0931016473332544,-1.3220625037470877,1.0
0.4979672151147925,-4.0008048228650175,-3.7723129599615204,1,0.6645451179397459,31,-2.9032471501921697,-1.8178720170718583,-0.42581111257139964,0.4979672151147925
0.2365734222904706,-0.3611825298224485,5.68713464163161,2,2.5464995977329616,31,-2.9032471501921697,-1.8178720170718583,-0.42581111257139964,0.2365734222904706
0.1530684612754127,-1.837883415796688,2.3617425832193746,3,1.7681050434683108,31,-2.9032471501921697,-1.8178720170718583,-0.42581111257139964,0.1530684612754127
0.1123909013193242,-8.266731586739368,-1.6399601026922248,4,2.6336925120515517,31,-2.9032471501921697,-1.8178720170718583,-0.42581111257139964,0.1123909013193242
-1.0,-0.17510278976966262,0.3558715649433015,5,0.5,31,-2.9032471501921697,-1.8178720170718583,-0.42581111257139964,1.0
0.4979672151147925,-8.897927382205056,-6.020421272203091,1,0.6645451179397459,32,-3.0381593011457118,0.5903354427928094,0.7830636040158206,0.4979672151147925
0.2365734222904706,-7.307649183261966,1.5329852033681668,2,2.5464995977329616,32,-3.0381593011457118,0.5903354427928094,0.7830636040158206,0.2365734222904706
0.1530684612754127,-7.287459400783016,-1.5780329338001629,3,1.7681050434683108,32,-3.0381593011457118,0.5903354427928094,0.7830636040158206,0.1530684612754127
0.1123909013193242,7.558105731598553,15.906518112279954,4,2.6336925120515517,32,-3.0381593011457118,0.5903354427928094,0.7830636040158206,0.1123909013193242
-1.0,-1.3889927847077008,1.0891080243827864,5,0.5,32,-3.0381593011457118,0.5903354427928094,0.7830636040158206,1.0
0.4979672151147925,-0.48264624169530823,0.8799618887195528,1,0.6645451179397459,33,-1.0317442676905277,0.7577998091125344,0.11001160450564265,0.4979672151147925
0.2365734222904706,3.5285910996608654,6.646678142201917,2,2.5464995977329616,33,-1.0317442676905277,0.7577998091125344,0.11001160450564265,0.2365734222904706
0.1530684612754127,-8.629863401304297,-6.420048365016504,3,1.7681050434683108,33,-1.0317442676905277,0.7577998091125344,0.11001160450564265,0.1530684612754127
0.1123909013193242,-3.5746399877757873,-0.4340081248242882,4,2.6336925120515517,33,-1.0317442676905277,0.7577998091125344,0.11001160450564265,0.1123909013193242
-1.0,-1.8096987492151835,-0.9791340772210864,5,0.5,33,-1.0317442676905277,0.7577998091125344,0.11001160450564265,1.0
0.4979672151147925,-2.2620140311803763,-1.2356192356240738,1,0.6645451179397459,34,-1.5647899052462684,0.6392094715511888,-1.138119350259398,0.4979672151147925
0.2365734222904706,-3.429037406724729,-0.30415373689896485,2,2.5464995977329616,34,-1.5647899052462684,0.6392094715511888,-1.138119350259398,0.2365734222904706
0.1530684612754127,2.2699805002942868,5.296153682636497,3,1.7681050434683108,34,-1.5647899052462684,0.6392094715511888,-1.138119350259398,0.1530684612754127
0.1123909013193242,0.4283691682873852,4.87653198120288,4,2.6336925120515517,34,-1.5647899052462684,0.6392094715511888,-1.138119350259398,0.1123909013193242
-1.0,-0.4592855123886141,-0.6714993594125682,5,0.5,34,-1.5647899052462684,0.6392094715511888,-1.138119350259398,1.0
0.4979672151147925,0.7463577650653751,-0.05694635154020977,1,0.6645451179397459,35,3.295942837231342,1.1397326327838422,0.9421964315674599,0.4979672151147925
0.2365734222904706,4.077949596451892,-2.773274004847755,2,2.5464995977329616,35,3.295942837231342,1.1397326327838422,0.9421964315674599,0.2365734222904706
0.1530684612754127,4.625484050015553,-0.5806618766866602,3,1.7681050434683108,35,3.295942837231342,1.1397326327838422,0.9421964315674599,0.1530684612754127
0.1123909013193242,-8.673063243021721,-16.697873956963104,4,2.6336925120515517,35,3.295942837231342,1.1397326327838422,0.9421964315674599,0.1123909013193242
-1.0,3.0295572457135282,2.6500104624887317,5,0.5,35,3.295942837231342,1.1397326327838422,0.9421964315674599,1.0
0.4979672151147925,6.946108954277545,7.443887279921347,1,0.6645451179397459,36,0.16651376279165486,1.5295048786662657,-1.3740738400175354,0.4979672151147925
0.2365734222904706,-6.785538475444148,-7.870789987031077,2,2.5464995977329616,36,0.16651376279165486,1.5295048786662657,-1.3740738400175354,0.2365734222904706
0.1530684612754127,-2.669896328171204,-2.2713676082146637,3,1.7681050434683108,36,0.16651376279165486,1.5295048786662657,-1.3740738400175354,0.1530684612754127
0.1123909013193242,-0.6035277187123681,-0.2266647362182489,4,2.6336925120515517,36,0.16651376279165486,1.5295048786662657,-1.3740738400175354,0.1123909013193242
-1.0,-0.3896446395367073,-1.4716422962682414,5,0.5,36,0.16651376279165486,1.5295048786662657,-1.3740738400175354,1.0
0.4979672151147925,8.05771455738378,8.13753964054467,1,0.6645451179397459,37,0.5386584857998792,0.5509938265252864,-0.034641743238585904,0.4979672151147925
0.2365734222904706,-1.2795098304334993,-2.4130052130855977,2,2.5464995977329616,37,0.5386584857998792,0.5509938265252864,-0.034641743238585904,0.2365734222904706
0.1530684612754127,-12.055144593314544,-12.733319364959444,3,1.7681050434683108,37,0.5386584857998792,0.5509938265252864,-0.034641743238585904,0.1530684612754127
0.1123909013193242,2.279661134711057,1.1660026691936898,4,2.6336925120515517,37,0.5386584857998792,0.5509938265252864,-0.034641743238585904,0.1123909013193242
-1.0,-1.5054917709301532,-1.6633535402325121,5,0.5,37,0.5386584857998792,0.5509938265252864,-0.034641743238585904,1.0
0.4979672151147925,5.576809850968179,5.1358149720596025,1,0.6645451179397459,38,0.20032806348531862,0.035345193938010264,-0.7097042930682759,0.4979672151147925
0.2365734222904706,-4.154614296380037,-5.381603231071528,2,2.5464995977329616,38,0.20032806348531862,0.035345193938010264,-0.7097042930682759,0.2365734222904706
0.1530684612754127,8.805838764537633,8.431420358065267,3,1.7681050434683108,38,0.20032806348531862,0.035345193938010264,-0.7097042930682759,0.1530684612754127
0.1123909013193242,0.22615170096048215,-0.2991849263081445,4,2.6336925120515517,38,0.20032806348531862,0.035345193938010264,-0.7097042930682759,0.1123909013193242
-1.0,-1.724038249102052,-2.541282062243642,5,0.5,38,0.20032806348531862,0.035345193938010264,-0.7097042930682759,1.0
0.4979672151147925,-3.2119781221170967,-2.3688822227693977,1,0.6645451179397459,39,-0.037157987937585846,1.1848114751223113,-0.33347571270975584,0.4979672151147925
0.2365734222904706,0.8643014234443402,1.203116937403669,2,2.5464995977329616,39,-0.037157987937585846,1.1848114751223113,-0.33347571270975584,0.2365734222904706
0.1530684612754127,-3.547212897759179,-2.9056726317090202,3,1.7681050434683108,39,-0.037157987937585846,1.1848114751223113,-0.33347571270975584,0.1530684612754127
0.1123909013193242,2.2056913516018355,2.9530731355181565,4,2.6336925120515517,39,-0.037157987937585846,1.1848114751223113,-0.33347571270975584,0.1123909013193242
-1.0,1.014714954447792,1.0078684794532111,5,0.5,39,-0.037157987937585846,1.1848114751223113,-0.33347571270975584,1.0
0.4979672151147925,-4.748971216125956,-3.6973682437315167,1,0.6645451179397459,40,-0.843127471894964,1.2240710316410788,-1.0904685055856393,0.4979672151147925
0.2365734222904706,0.47569464970736686,2.1030681920400083,2,2.5464995977329616,40,-0.843127471894964,1.2240710316410788,-1.0904685055856393,0.2365734222904706
0.1530684612754127,-0.4241992026590603,1.6215966056965962,3,1.7681050434683108,40,-0.843127471894964,1.2240710316410788,-1.0904685055856393,0.1530684612754127
0.1123909013193242,4.531140711072349,7.404480691455937,4,2.6336925120515517,40,-0.843127471894964,1.2240710316410788,-1.0904685055856393,0.1123909013193242
-1.0,0.6315322266878436,0.2632265721260415,5,0.5,40,-0.843127471894964,1.2240710316410788,-1.0904685055856393,1.0
0.4979672151147925,3.246157573368269,3.057691517649031,1,0.6645451179397459,41,0.6536483549022247,-0.2186316685188205,0.8974370849556574,0.4979672151147925
0.2365734222904706,-2.4795233227463913,-3.3240717895931464,2,2.5464995977329616,41,0.6536483549022247,-0.2186316685188205,0.8974370849556574,0.2365734222904706
0.1530684612754127,-4.636685337949686,-5.853991917598717,3,1.7681050434683108,41,0.6536483549022247,-0.2186316685188205,0.8974370849556574,0.1530684612754127
0.1123909013193242,4.4721853232003,2.6512612035808987,4,2.6336925120515517,41,0.6536483549022247,-0.2186316685188205,0.8974370849556574,0.1123909013193242
-1.0,-0.6717161623667001,-0.13815919167842694,5,0.5,41,0.6536483549022247,-0.2186316685188205,0.8974370849556574,1.0
0.4979672151147925,-1.7267229536054216,-1.101523912863088,1,0.6645451179397459,42,0.5226532230687109,1.1030416339540532,0.1330540239514267,0.4979672151147925
0.2365734222904706,2.6497656082295475,2.005137820288567,2,2.5464995977329616,42,0.5226532230687109,1.1030416339540532,0.1330540239514267,0.2365734222904706
0.1530684612754127,-11.396547211744199,-11.760851721024915,3,1.7681050434683108,42,0.5226532230687109,1.1030416339540532,0.1330540239514267,0.1530684612754127
0.1123909013193242,1.0963520218853477,0.3353814794385168,4,2.6336925120515517,42,0.5226532230687109,1.1030416339540532,0.1330540239514267,0.1123909013193242
-1.0,1.6676653209505994,1.8366821284267303,5,0.5,42,0.5226532230687109,1.1030416339540532,0.1330540239514267,1.0
0.4979672151147925,-1.036171857575414,0.03431137974095311,1,0.6645451179397459,43,-0.3125699591486192,0.8837849884522665,0.2825635117209994,0.4979672151147925
0.2365734222904706,0.31921369405695776,1.8471490192486648,2,2.5464995977329616,43,-0.3125699591486192,0.8837849884522665,0.2825635117209994,0.2365734222904706
0.1530684612754127,-7.277795267517328,-6.26720836418814,3,1.7681050434683108,43,-0.3125699591486192,0.8837849884522665,0.2825635117209994,0.1530684612754127
0.1123909013193242,-3.433365632064495,-2.112665790141077,4,2.6336925120515517,43,-0.3125699591486192,0.8837849884522665,0.2825635117209994,0.1123909013193242
-1.0,0.06147432787744161,0.7426840459586412,5,0.5,43,-0.3125699591486192,0.8837849884522665,0.2825635117209994,1.0
0.4979672151147925,-7.862519603869602,-6.534849779859904,1,0.6645451179397459,44,-2.2620924081579012,-0.6412763077610105,0.7435407553805757,0.4979672151147925
0.2365734222904706,-1.6839488007333416,4.526966551279305,2,2.5464995977329616,44,-2.2620924081579012,-0.6412763077610105,0.7435407553805757,0.2365734222904706
0.1530684612754127,4.409095697234228,8.127130079670433,3,1.7681050434683108,44,-2.2620924081579012,-0.6412763077610105,0.7435407553805757,0.1530684612754127
0.1123909013193242,3.7613977851793527,9.381270717894392,4,2.6336925120515517,44,-2.2620924081579012,-0.6412763077610105,0.7435407553805757,0.1123909013193242
-1.0,-1.8363802547871764,-0.11519579094529186,5,0.5,44,-2.2620924081579012,-0.6412763077610105,0.7435407553805757,1.0
0.4979672151147925,-2.3265531544080877,0.01849273871338819,1,0.6645451179397459,45,-1.5973303188489705,1.9322709017631763,-0.6515906584070875,0.4979672151147925
0.2365734222904706,-5.3032557386565475,-0.9488984822333526,2,2.5464995977329616,45,-1.5973303188489705,1.9322709017631763,-0.6515906584070875,0.2365734222904706
0.1530684612754127,-3.3010772066191425,0.456533674684795,3,1.7681050434683108,45,-1.5973303188489705,1.9322709017631763,-0.6515906584070875,0.1530684612754127
0.1123909013193242,-6.919144046398801,-1.6556217684091283,4,2.6336925120515517,45,-1.5973303188489705,1.9322709017631763,-0.6515906584070875,0.1123909013193242
-1.0,-0.3154420154912113,0.33147129944221004,5,0.5,45,-1.5973303188489705,1.9322709017631763,-0.6515906584070875,1.0
0.4979672151147925,-4.996872594916334,-5.482556108682555,1,0.6645451179397459,46,1.242194780631633,0.06981163529865349,0.5944103188264866,0.4979672151147925
0.2365734222904706,13.059434467954231,10.54602999493812,2,2.5464995977329616,46,1.242194780631633,0.06981163529865349,0.5944103188264866,0.2365734222904706
0.1530684612754127,-5.862448169292604,-7.992033178135197,3,1.7681050434683108,46,1.242194780631633,0.06981163529865349,0.5944103188264866,0.1530684612754127
0.1123909013193242,-1.0830434264173125,-4.301316420271506,4,2.6336925120515517,46,1.242194780631633,0.06981163529865349,0.5944103188264866,0.1123909013193242
-1.0,1.9359793967398853,1.941979840043905,5,0.5,46,1.242194780631633,0.06981163529865349,0.5944103188264866,1.0
0.4979672151147925,2.4658149827246207,2.375501379164324,1,0.6645451179397459,47,1.3507250408012317,0.15797277225957293,1.425850950210441,0.4979672151147925
0.2365734222904706,-10.935179503346783,-12.82069635383202,2,2.5464995977329616,47,1.3507250408012317,0.15797277225957293,1.425850950210441,0.2365734222904706
0.1530684612754127,-0.4901787300081914,-2.7230494001370236,3,1.7681050434683108,47,1.3507250408012317,0.15797277225957293,1.425850950210441,0.1530684612754127
0.1123909013193242,-6.815420792547976,-10.25026156654625,4,2.6336925120515517,47,1.3507250408012317,0.15797277225957293,1.425850950210441,0.1123909013193242
-1.0,2.592595562594883,3.418963324168063,5,0.5,47,1.3507250408012317,0.15797277225957293,1.425850950210441,1.0
0.4979672151147925,1.898482950012977,0.5737271049245432,1,0.6645451179397459,48,0.31626253762464634,-1.1819250825056475,-0.29526819998201714,0.4979672151147925
0.2365734222904706,2.9573250702132925,1.2585537018239208,2,2.5464995977329616,48,0.31626253762464634,-1.1819250825056475,-0.29526819998201714,0.2365734222904706
0.1530684612754127,0.14407889454106912,-1.0231020897882372,3,1.7681050434683108,48,0.31626253762464634,-1.1819250825056475,-0.29526819998201714,0.1530684612754127
0.1123909013193242,4.557581163403495,3.061351908226455,4,2.6336925120515517,48,0.31626253762464634,-1.1819250825056475,-0.29526819998201714,0.1123909013193242
-1.0,0.0046630945930771,-0.7709010826616323,5,0.5,48,0.31626253762464634,-1.1819250825056475,-0.29526819998201714,1.0
0.4979672151147925,-10.790212393069465,-8.70035851133439,1,0.6645451179397459,49,-1.009620395896627,0.8987094176707281,1.4278521310324845,0.4979672151147925
0.2365734222904706,8.350098841247396,12.845690760615295,2,2.5464995977329616,49,-1.009620395896627,0.8987094176707281,1.4278521310324845,0.2365734222904706
0.1530684612754127,-2.653027473540667,-0.34129856316062446,3,1.7681050434683108,49,-1.009620395896627,0.8987094176707281,1.4278521310324845,0.1530684612754127
0.1123909013193242,1.388400799558909,4.581206219955563,4,2.6336925120515517,49,-1.009620395896627,0.8987094176707281,1.4278521310324845,0.1123909013193242
-1.0,-1.3752151546440134,0.8309004231736348,5,0.5,49,-1.009620395896627,0.8987094176707281,1.4278521310324845,1.0
0.4979672151147925,1.5582341403630613,3.4693871221492225,1,0.6645451179397459,50,-0.42770812942346814,1.5482844407006746,0.7381636045567553,0.4979672151147925
0.2365734222904706,-11.42483945867524,-8.801728662838645,2,2.5464995977329616,50,-0.42770812942346814,1.5482844407006746,0.7381636045567553,0.2365734222904706
0.1530684612754127,-7.891492385320355,-6.320026789061358,3,1.7681050434683108,50,-0.42770812942346814,1.5482844407006746,0.7381636045567553,0.1530684612754127
0.1123909013193242,-12.740665191549462,-10.736731538305055,4,2.6336925120515517,50,-0.42770812942346814,1.5482844407006746,0.7381636045567553,0.1123909013193242
-1.0,1.1463605353763888,2.5287217391028216,5,0.5,50,-0.42770812942346814,1.5482844407006746,0.7381636045567553,1.0
0.4979672151147925,-1.5252164906261945,-0.6550747751746561,1,0.6645451179397459,51,0.029667391329797566,-0.04787824403169835,1.9570786566794727,0.4979672151147925
0.2365734222904706,-5.3289872527217375,-3.403077387568348,2,2.5464995977329616,51,0.029667391329797566,-0.04787824403169835,1.9570786566794727,0.2365734222904706
0.1530684612754127,2.749182477988869,2.7773260956697396,3,1.7681050434683108,51,0.029667391329797566,-0.04787824403169835,1.9570786566794727,0.1530684612754127
0.1123909013193242,1.4954390842590823,1.4385823923528052,4,2.6336925120515517,51,0.029667391329797566,-0.04787824403169835,1.9570786566794727,0.1123909013193242
-1.0,-1.431328434776997,0.5444788217591724,5,0.5,51,0.029667391329797566,-0.04787824403169835,1.9570786566794727,1.0
0.4979672151147925,-3.864660216730091,-2.813429124571501,1,0.6645451179397459,52,-4.88298609956325,-1.2910531268810674,-2.3783976405270906,0.4979672151147925
0.2365734222904706,-3.1049958405918066,6.2261265989816295,2,2.5464995977329616,52,-4.88298609956325,-1.2910531268810674,-2.3783976405270906,0.2365734222904706
0.1530684612754127,-1.0581229504598608,6.801509150357198,3,1.7681050434683108,52,-4.88298609956325,-1.2910531268810674,-2.3783976405270906,0.1530684612754127
0.1123909013193242,-5.35546235436562,6.730018170568357,4,2.6336925120515517,52,-4.88298609956325,-1.2910531268810674,-2.3783976405270906,0.1123909013193242
-1.0,-1.531946724580855,-1.8694299591305161,5,0.5,52,-4.88298609956325,-1.2910531268810674,-2.3783976405270906,1.0
0.4979672151147925,-4.102883520134326,-3.15494397434868,1,0.6645451179397459,53,0.8269656992213881,0.905256233031121,1.5819683964319546,0.4979672151147925
0.2365734222904706,3.9865781592274914,3.9680467909446877,2,2.5464995977329616,53,0.8269656992213881,0.905256233031121,1.5819683964319546,0.2365734222904706
0.1530684612754127,-4.583528802859491,-5.507560524206175,3,1.7681050434683108,53,0.8269656992213881,0.905256233031121,1.5819683964319546,0.1530684612754127
0.1123909013193242,4.491752375455468,2.854957266295789,4,2.6336925120515517,53,0.8269656992213881,0.905256233031121,1.5819683964319546,0.1123909013193242
-1.0,-0.2928461048850279,1.15448685004141,5,0.5,53,0.8269656992213881,0.905256233031121,1.5819683964319546,1.0
0.4979672151147925,4.741802670678796,4.676605944155982,1,0.6645451179397459,54,-1.3702019332899722,-1.6973640865643482,0.8919454892306611,0.4979672151147925
0.2365734222904706,-5.364517633394106,-1.796490185863485,2,2.5464995977329616,54,-1.3702019332899722,-1.6973640865643482,0.8919454892306611,0.2365734222904706
0.1530684612754127,-1.4818619629593852,0.13798329705430978,3,1.7681050434683108,54,-1.3702019332899722,-1.6973640865643482,0.8919454892306611,0.1530684612754127
0.1123909013193242,-3.079575452904253,-0.39125939932205034,4,2.6336925120515517,54,-1.3702019332899722,-1.6973640865643482,0.8919454892306611,0.1123909013193242
-1.0,-3.0264798192080797,-1.8809415012420203,5,0.5,54,-1.3702019332899722,-1.6973640865643482,0.8919454892306611,1.0
0.4979672151147925,0.4611526697169086,0.14867136482612914,1,0.6645451179397459,55,0.4314659257722142,0.05900663474738067,-0.15667456560879067,0.4979672151147925
0.2365734222904706,2.0154043679441433,0.7838908835676832,2,2.5464995977329616,55,0.4314659257722142,0.05900663474738067,-0.15667456560879067,0.2365734222904706
0.1530684612754127,4.017495628749758,3.275811577389213,3,1.7681050434683108,55,0.4314659257722142,0.05900663474738067,-0.15667456560879067,0.1530684612754127
0.1123909013193242,-0.8556987658187081,-1.9631245593946023,4,2.6336925120515517,55,0.4314659257722142,0.05900663474738067,-0.15667456560879067,0.1123909013193242
-1.0,-0.1798856977765938,-0.5402673134843794,5,0.5,55,0.4314659257722142,0.05900663474738067,-0.15667456560879067,1.0
0.4979672151147925,1.2242908107018666,1.9513761133304488,1,0.6645451179397459,56,-0.012326144147927431,1.0300729717377852,-0.2743896949918323,0.4979672151147925
0.2365734222904706,-3.2683475179589907,-3.0085835506376517,2,2.5464995977329616,56,-0.012326144147927431,1.0300729717377852,-0.2743896949918323,0.2365734222904706
0.1530684612754127,-1.7324664356494262,-1.2092072222932464,3,1.7681050434683108,56,-0.012326144147927431,1.0300729717377852,-0.2743896949918323,0.1530684612754127
0.1123909013193242,2.1432409681179485,2.740774782188191,4,2.6336925120515517,56,-0.012326144147927431,1.0300729717377852,-0.2743896949918323,0.1123909013193242
-1.0,-0.3828765096756165,-0.3829170811793887,5,0.5,56,-0.012326144147927431,1.0300729717377852,-0.2743896949918323,1.0
0.4979672151147925,-1.1019261928390096,-0.09438990546523862,1,0.6645451179397459,57,-2.106268360701489,-0.15285800105386438,-0.5605050286767935,0.4979672151147925
0.2365734222904706,-4.284446785236841,0.42310274069318954,2,2.5464995977329616,57,-2.106268360701489,-0.15285800105386438,-0.5605050286767935,0.2365734222904706
0.1530684612754127,3.3145694816081632,6.93212802021401,3,1.7681050434683108,57,-2.106268360701489,-0.15285800105386438,-0.5605050286767935,0.1530684612754127
0.1123909013193242,-7.258980441604695,-1.8102722187993487,4,2.6336925120515517,57,-2.106268360701489,-0.15285800105386438,-0.5605050286767935,0.1123909013193242
-1.0,-1.349322764083352,-0.9107238281009318,5,0.5,57,-2.106268360701489,-0.15285800105386438,-0.5605050286767935,1.0
0.4979672151147925,-6.240635292898451,-4.991191794603125,1,0.6645451179397459,58,-1.5148133590756723,0.5726584846569306,-0.48291912070498794,0.4979672151147925
0.2365734222904706,-0.4253598277747566,3.2171882069168425,2,2.5464995977329616,58,-1.5148133590756723,0.5726584846569306,-0.48291912070498794,0.2365734222904706
0.1530684612754127,0.08420511127069193,3.02368310208586,3,1.7681050434683108,58,-1.5148133590756723,0.5726584846569306,-0.48291912070498794,0.1530684612754127
0.1123909013193242,6.055167177148395,10.35078657770207,4,2.6336925120515517,58,-1.5148133590756723,0.5726584846569306,-0.48291912070498794,0.1123909013193242
-1.0,-0.31757802164230065,0.09818390114681319,5,0.5,58,-1.5148133590756723,0.5726584846569306,-0.48291912070498794,1.0
0.4979672151147925,-6.476277464725513,-5.84869144429173,1,0.6645451179397459,59,1.459687433259992,0.7605967649066351,2.0439529404790893,0.4979672151147925
0.2365734222904706,-2.9638453147831525,-4.187469493878321,2,2.5464995977329616,59,1.459687433259992,0.7605967649066351,2.0439529404790893,0.2365734222904706
0.1530684612754127,2.660675549368333,0.5701311731736265,3,1.7681050434683108,59,1.459687433259992,0.7605967649066351,2.0439529404790893,0.1530684612754127
0.1123909013193242,1.6536018042822718,-1.7185898731688027,4,2.6336925120515517,59,1.459687433259992,0.7605967649066351,2.0439529404790893,0.1123909013193242
-1.0,2.443667450363777,4.008985342924277,5,0.5,59,1.459687433259992,0.7605967649066351,2.0439529404790893,1.0
0.4979672151147925,1.4939786761205953,0.7859624635583307,1,0.6645451179397459,60,-0.5948956191140359,-0.5613526430159065,-1.348989202005593,0.4979672151147925
0.2365734222904706,6.517161990945387,6.356870952804639,2,2.5464995977329616,60,-0.5948956191140359,-0.5613526430159065,-1.348989202005593,0.2365734222904706
0.1530684612754127,-2.6672922191442914,-1.968817548141507,3,1.7681050434683108,60,-0.5948956191140359,-0.5613526430159065,-1.348989202005593,0.1530684612754127
0.1123909013193242,-9.601829427881167,-8.379642366329549,4,2.6336925120515517,60,-0.5948956191140359,-0.5613526430159065,-1.348989202005593,0.1123909013193242
-1.0,0.5810765706958485,-0.6520908246153581,5,0.5,60,-0.5948956191140359,-0.5613526430159065,-1.348989202005593,1.0
